X,Y,Name,description
-5.060201,50.429867,Whipsiderry,
-5.06589,50.425646,Porth,
-5.06824,50.423244,Lusty Glaze,
-5.07472095725792,50.417309,Tolcarne Wedge,
-5.078069,50.416159,Towan,
-5.10258,50.425379,Cribber,
-5.10001283426399,50.422897,Little Fistral,
-5.09972846531026,50.418448,North Fistral,
-5.10250394602446,50.414096,South Fistral,
-5.12308662309643,50.406448,Crantock,
