X,Y,Name,description
-3.48117443281305,50.428945,Torbay,
-3.226564,50.645238,Lyme Bay,
-2.14623969312129,50.607178,Kimmeridge - Broadbench,
-2.13354097283589,50.610442,Kimmeridge Bay,
-2.13215226853137,50.607436,Kimmeridge - The Ledges,
-2.0652437962957,50.592301,Chapman's Pool,
-1.95396542462716,50.617474,Swanage,
-1.8730554572973,50.714872,Bournemouth,
-1.841498,50.71864,Boscombe,
-1.80121095519298,50.719282,Southbourne,
-1.77106998558652,50.71621,Highcliffe,
